title,company,score,location
"Software Developer, Calgary, 24",QuantumCode,0.604,Remote
"Dev Ops Engineer, Calgary, 24",TechCorp,0.604,Remote
"Dev Ops Engineer, Calgary, 24",QuantumCode,0.604,Canada
"Dev Ops Engineer, Calgary, 24",QuantumCode,0.604,Canada
"Dev Ops Engineer, Calgary, 24",CloudWave,0.604,Canada
"Dev Ops Engineer, Calgary, 24",CloudWave,0.604,Canada
"Dev Ops Engineer, Calgary, 24",InnovateTech,0.604,Canada
"Dev Ops Engineer, Calgary, 24",TechCorp,0.604,USA
"Dev Ops Engineer, Calgary, 24",QuantumCode,0.604,USA
"Dev Ops Engineer, Calgary, 24",QuantumCode,0.604,USA
"Dev Ops Engineer, Calgary, 24",InnovateTech,0.604,USA
"Dev Ops Engineer, Calgary, 24",QuantumCode,0.604,USA
"AI/ML Engineer, Calgary, 24",DataSoft,0.604,Remote
"AI/ML Engineer, Calgary, 24",CloudWave,0.604,Remote
"AI/ML Engineer, Calgary, 24",TechCorp,0.604,Remote
"AI/ML Engineer, Calgary, 24",QuantumCode,0.604,Remote
"AI/ML Engineer, Calgary, 24",QuantumCode,0.604,Canada
"AI/ML Engineer, Calgary, 24",TechCorp,0.604,Canada
"AI/ML Engineer, Calgary, 24",DataSoft,0.604,Canada
"AI/ML Engineer, Calgary, 24",CloudWave,0.604,Canada
"AI/ML Engineer, Calgary, 24",TechCorp,0.604,USA
"AI/ML Engineer, Calgary, 24",QuantumCode,0.604,USA
"AI/ML Engineer, Calgary, 24",TechCorp,0.604,USA
"AI/ML Engineer, Calgary, 24",DataSoft,0.604,USA
"AI/ML Engineer, Calgary, 24",CloudWave,0.604,USA
"Dev Ops Engineer, Calgary, 24",TechCorp,0.604,Remote
"Dev Ops Engineer, Calgary, 24",InnovateTech,0.604,Remote
"Software Developer, Calgary, 24",QuantumCode,0.604,Remote
"Dev Ops Engineer, Calgary, 24",CloudWave,0.604,Remote
"Software Developer, Calgary, 24",DataSoft,0.604,Remote
"Software Developer, Calgary, 24",TechCorp,0.604,Remote
"Software Developer, Calgary, 24",TechCorp,0.604,Remote
"Software Developer, Calgary, 24",CloudWave,0.604,Canada
"Software Developer, Calgary, 24",QuantumCode,0.604,Canada
"Software Developer, Calgary, 24",InnovateTech,0.604,Canada
"Software Developer, Calgary, 24",QuantumCode,0.604,Canada
"Software Developer, Calgary, 24",QuantumCode,0.604,Canada
"Software Developer, Calgary, 24",TechCorp,0.604,USA
"Software Developer, Calgary, 24",TechCorp,0.604,USA
"Software Developer, Calgary, 24",CloudWave,0.604,USA
"Software Developer, Calgary, 24",DataSoft,0.604,USA
"Data Analyst, Calgary, 24",QuantumCode,0.604,Remote
"Data Analyst, Calgary, 24",InnovateTech,0.604,Remote
"Data Analyst, Calgary, 24",DataSoft,0.604,Remote
"Data Analyst, Calgary, 24",TechCorp,0.604,Canada
"Data Analyst, Calgary, 24",QuantumCode,0.604,Canada
"Data Analyst, Calgary, 24",DataSoft,0.604,Canada
"Data Analyst, Calgary, 24",TechCorp,0.604,Canada
"Data Analyst, Calgary, 24",CloudWave,0.604,USA
"Data Analyst, Calgary, 24",InnovateTech,0.604,USA
"Data Analyst, Calgary, 24",QuantumCode,0.604,USA
"Data Analyst, Calgary, 24",CloudWave,0.604,USA
"AI/ML Engineer, Calgary, 24",QuantumCode,0.604,USA
